{
  "stage_targets_pack": {
    "sectors": [
      20,
      3,
      6,
      11
    ],
    "inner_single_radius_m": 0.05745,
    "treble_radius_m": 0.103
  },
  "single_stage": {
    "ilqr": {
      "20": {
        "knots12": [
          -0.08886527038364214,
          -0.3345516061501821,
          -0.42341687653382437,
          -0.6127795946734744,
          0.34699218264417975,
          0.694143676567587,
          -1.4727002039229289,
          -1.201493275982783,
          -1.103397153110815,
          -0.34313173094208516,
          -0.3267256359733384,
          -0.3207915165165577
        ],
        "q_terminal_ik4": [
          -0.9599310885968813,
          1.8214382004727543,
          -2.530727415391778,
          -1.2217304763960306
        ],
        "q_terminal_overhand4": [
          -0.03490658503988659,
          -0.12217304763960307,
          -0.06981317007977318,
          0.33161255787892263
        ],
        "q_goal_blended4": [
          -0.42341687653382437,
          0.6941436765675869,
          -1.103397153110815,
          -0.3207915165165577
        ],
        "blend_ik_with_overhand_used": 0.42,
        "workspace_goal_xyz_m": [
          0.2401075,
          0.0,
          1.533321
        ],
        "workspace_goal_xyz_after_retarget_m": [
          0.2401075,
          -0.5024127312553486,
          6.414577372281797
        ],
        "p_release_fk_xyz_m": [
          0.4820296552517973,
          -0.21723973652399367,
          1.4648943890698034
        ],
        "delta_y_m": 0.0,
        "delta_z_m": 0.05745
      },
      "3": {
        "knots12": [
          -0.08886527038364214,
          -0.3345516061501821,
          -0.42341687653382437,
          -0.6287041358650878,
          0.2870409687463409,
          0.6182679214781348,
          -1.4727002039229289,
          -1.201493275982783,
          -1.103397153110815,
          -0.34313173094208516,
          -0.3267256359733384,
          -0.3207915165165577
        ],
        "q_terminal_ik4": [
          -0.9599310885968813,
          1.6407816407359637,
          -2.530727415391778,
          -1.2217304763960306
        ],
        "q_terminal_overhand4": [
          -0.03490658503988659,
          -0.12217304763960307,
          -0.06981317007977318,
          0.33161255787892263
        ],
        "q_goal_blended4": [
          -0.42341687653382437,
          0.6182679214781349,
          -1.103397153110815,
          -0.3207915165165577
        ],
        "blend_ik_with_overhand_used": 0.42,
        "workspace_goal_xyz_m": [
          0.2401075,
          3.3770860133287412e-18,
          1.466679
        ],
        "workspace_goal_xyz_after_retarget_m": [
          0.2401075,
          -0.5024004011226515,
          6.111728964374332
        ],
        "p_release_fk_xyz_m": [
          0.48306887503015644,
          -0.2177080891001922,
          1.505074002700525
        ],
        "delta_y_m": 7.035595861101544e-18,
        "delta_z_m": -0.05745
      },
      "6": {
        "knots12": [
          0.08036702523565986,
          0.3025582126518959,
          0.3829252378875559,
          -0.6023584969589013,
          0.38622455051080795,
          0.7437971421487886,
          -1.4727002039229289,
          -1.201493275982783,
          -1.103397153110815,
          -0.34313173094208516,
          -0.3267256359733384,
          -0.3207915165165577
        ],
        "q_terminal_ik4": [
          0.9599310885968813,
          1.9396607375708534,
          -2.530727415391778,
          -1.2217304763960306
        ],
        "q_terminal_overhand4": [
          -0.03490658503988659,
          -0.12217304763960307,
          -0.06981317007977318,
          0.33161255787892263
        ],
        "q_goal_blended4": [
          0.3829252378875559,
          0.7437971421487886,
          -1.103397153110815,
          -0.3207915165165577
        ],
        "blend_ik_with_overhand_used": 0.42,
        "workspace_goal_xyz_m": [
          0.2401075,
          0.027576,
          1.5
        ],
        "workspace_goal_xyz_after_retarget_m": [
          0.2401075,
          0.6299405035903021,
          6.412209006942531
        ],
        "p_release_fk_xyz_m": [
          0.48820788695497574,
          0.1966543361480868,
          1.4386956218930822
        ],
        "delta_y_m": 0.05745,
        "delta_z_m": 3.517797930550772e-18
      },
      "11": {
        "knots12": [
          -0.08886527038364214,
          -0.3345516061501821,
          -0.42341687653382437,
          -0.6143343628063974,
          0.3411389379084695,
          0.6867356636989539,
          -1.4727002039229289,
          -1.201493275982783,
          -1.103397153110815,
          -0.34313173094208516,
          -0.3267256359733384,
          -0.3207915165165577
        ],
        "q_terminal_ik4": [
          -0.9599310885968813,
          1.8038000745950564,
          -2.530727415391778,
          -1.2217304763960306
        ],
        "q_terminal_overhand4": [
          -0.03490658503988659,
          -0.12217304763960307,
          -0.06981317007977318,
          0.33161255787892263
        ],
        "q_goal_blended4": [
          -0.42341687653382437,
          0.6867356636989539,
          -1.103397153110815,
          -0.3207915165165577
        ],
        "blend_ik_with_overhand_used": 0.42,
        "workspace_goal_xyz_m": [
          0.2401075,
          -0.027576,
          1.5
        ],
        "workspace_goal_xyz_after_retarget_m": [
          0.2401075,
          -0.5783408524501682,
          6.2655930348128415
        ],
        "p_release_fk_xyz_m": [
          0.4822535233342324,
          -0.21734062874652496,
          1.4688120870568864
        ],
        "delta_y_m": -0.05745,
        "delta_z_m": -1.0553393791652316e-17
      }
    },
    "mc_summary": {
      "20": {
        "mean_score": 0.0,
        "hit_rate": 0.0,
        "mean_radial_error_mm": NaN
      },
      "3": {
        "mean_score": 0.0,
        "hit_rate": 0.0,
        "mean_radial_error_mm": NaN
      },
      "6": {
        "mean_score": 0.0,
        "hit_rate": 0.0,
        "mean_radial_error_mm": NaN
      },
      "11": {
        "mean_score": 0.0,
        "hit_rate": 0.0,
        "mean_radial_error_mm": NaN
      }
    },
    "aggregate_hit_rate": 0.0,
    "aggregate_mean_radial_error_mm": NaN,
    "stage_gate_passed": false
  },
  "treble_stage": null
}