{
  "preset_set": "bulls",
  "rows": [
    {
      "preset": "BULL",
      "stage": "S1_minjerk_no_refine",
      "stage_idx": 1,
      "target_dy_m": 0.0,
      "target_dz_m": 0.0,
      "plane_hit": true,
      "dartboard_face_hit": false,
      "score": 0,
      "r_mm": 1354.2908062831323,
      "ey_mm": -29.379787362066246,
      "ez_mm": -1353.9720883672514,
      "l2_err_m2": 1.8341035879830163,
      "vx": 6.394007654073182,
      "vy": -0.0821648220902804,
      "vz": -3.405819098651131,
      "vnorm_mps": 7.244976788856702,
      "pitch_deg": -28.040389311828292,
      "release_px_m": 0.2670333773550378,
      "release_py_m": -0.002356066440908344,
      "release_pz_m": 2.030301559044431,
      "release_time_s": 0.1,
      "blend_ik_with_overhand_used": 0.42,
      "workspace_goal_xyz_m": [
        0.22,
        0.0,
        1.5
      ],
      "workspace_goal_xyz_after_retarget_m": [
        0.22,
        0.0,
        1.5
      ],
      "p_release_fk_xyz_m": [
        0.5551425422630722,
        -0.01124085150074519,
        1.5555878218933885
      ],
      "knots12": [
        -0.004249122573991133,
        -0.015996696749143086,
        -0.020245819323134226,
        -0.6663247579121354,
        0.1454103916280438,
        0.4390167223127901,
        -1.4399463115202287,
        -1.0781845045843819,
        -0.9473344893097136,
        -0.3339206469534813,
        -0.2920486138985944,
        -0.2769034104532097
      ],
      "opt_fun": null,
      "opt_nfev": null,
      "opt_success": null
    },
    {
      "preset": "BULL",
      "stage": "S2_plus_vx_refine",
      "stage_idx": 2,
      "target_dy_m": 0.0,
      "target_dz_m": 0.0,
      "plane_hit": true,
      "dartboard_face_hit": false,
      "score": 0,
      "r_mm": 1354.2908062831323,
      "ey_mm": -29.379787362066246,
      "ez_mm": -1353.9720883672514,
      "l2_err_m2": 1.8341035879830163,
      "vx": 6.394007654073182,
      "vy": -0.0821648220902804,
      "vz": -3.405819098651131,
      "vnorm_mps": 7.244976788856702,
      "pitch_deg": -28.040389311828292,
      "release_px_m": 0.2670333773550378,
      "release_py_m": -0.002356066440908344,
      "release_pz_m": 2.030301559044431,
      "release_time_s": 0.1,
      "blend_ik_with_overhand_used": 0.42,
      "workspace_goal_xyz_m": [
        0.22,
        0.0,
        1.5
      ],
      "workspace_goal_xyz_after_retarget_m": [
        0.22,
        0.0,
        1.5
      ],
      "p_release_fk_xyz_m": [
        0.5551425422630722,
        -0.01124085150074519,
        1.5555878218933885
      ],
      "knots12": [
        -0.004249122573991133,
        -0.015996696749143086,
        -0.020245819323134226,
        -0.6663247579121354,
        0.1454103916280438,
        0.4390167223127901,
        -1.4399463115202287,
        -1.0781845045843819,
        -0.9473344893097136,
        -0.3339206469534813,
        -0.2920486138985944,
        -0.2769034104532097
      ],
      "opt_fun": null,
      "opt_nfev": null,
      "opt_success": null
    },
    {
      "preset": "BULL",
      "stage": "S3_plus_retarget",
      "stage_idx": 3,
      "target_dy_m": 0.0,
      "target_dz_m": 0.0,
      "plane_hit": true,
      "dartboard_face_hit": false,
      "score": 0,
      "r_mm": 1129.9820443455526,
      "ey_mm": -22.39497116452319,
      "ez_mm": -1129.7601009992761,
      "l2_err_m2": 1.2768594205433546,
      "vx": 5.873093246919504,
      "vy": -0.05703846742792123,
      "vz": -2.176410778074243,
      "vnorm_mps": 6.263644430257496,
      "pitch_deg": -20.332473694945747,
      "release_px_m": 0.2189059383851437,
      "release_py_m": -0.0015039170965210197,
      "release_pz_m": 2.0595953689958986,
      "release_time_s": 0.1,
      "blend_ik_with_overhand_used": 0.42,
      "workspace_goal_xyz_m": [
        0.22,
        0.0,
        1.5
      ],
      "workspace_goal_xyz_after_retarget_m": [
        0.22,
        0.002521634102137346,
        1.6499787858478974
      ],
      "p_release_fk_xyz_m": [
        0.54048099500017,
        -0.008327588246274232,
        1.6783908114651274
      ],
      "knots12": [
        -0.0032334664211020794,
        -0.012173050055913709,
        -0.015406516477015793,
        -0.7190895499272874,
        -0.053233531252527944,
        0.1876080074170663,
        -1.4347945895591085,
        -1.0587897866131066,
        -0.9227880493773185,
        -0.2993229682400684,
        -0.16179852933045175,
        -0.11205564717165417
      ],
      "opt_fun": null,
      "opt_nfev": null,
      "opt_success": null
    },
    {
      "preset": "BULL",
      "stage": "S4_knot_opt",
      "stage_idx": 4,
      "target_dy_m": 0.0,
      "target_dz_m": 0.0,
      "plane_hit": true,
      "dartboard_face_hit": false,
      "score": 0,
      "r_mm": 1126.5259445440663,
      "ey_mm": -22.399749849482266,
      "ez_mm": -1126.303225129708,
      "l2_err_m2": 1.2690607037309007,
      "vx": 5.879060102004157,
      "vy": -0.0571092670561837,
      "vz": -2.173594369086993,
      "vnorm_mps": 6.268263047502674,
      "pitch_deg": -20.289381614382783,
      "release_px_m": 0.21908961433764793,
      "release_py_m": -0.0015057781095377172,
      "release_pz_m": 2.0596859563766188,
      "release_time_s": 0.1,
      "blend_ik_with_overhand_used": 0.42,
      "workspace_goal_xyz_m": [
        0.22,
        0.0,
        1.5
      ],
      "workspace_goal_xyz_after_retarget_m": [
        0.22,
        0.002521634102137346,
        1.6499787858478974
      ],
      "p_release_fk_xyz_m": [
        0.54048099500017,
        -0.008327588246274232,
        1.6783908114651274
      ],
      "knots12": [
        -0.0032369292337091583,
        -0.012178089208455959,
        -0.015401330812835304,
        -0.7190943256920345,
        -0.05321946013535582,
        0.1876201831713154,
        -1.4347905082745247,
        -1.0587915981915306,
        -0.9227946512589866,
        -0.29931690937423594,
        -0.1618078460117099,
        -0.11205976252021947
      ],
      "opt_fun": 202.55627487263288,
      "opt_nfev": 716,
      "opt_success": true
    },
    {
      "preset": "SBULL",
      "stage": "S1_minjerk_no_refine",
      "stage_idx": 1,
      "target_dy_m": 0.0,
      "target_dz_m": 0.011125,
      "plane_hit": true,
      "dartboard_face_hit": false,
      "score": 0,
      "r_mm": 1291.5388677422998,
      "ey_mm": -29.238232744246965,
      "ez_mm": -1302.3328735180694,
      "l2_err_m2": 1.6969257876998387,
      "vx": 6.485156302602063,
      "vy": -0.08286791603272729,
      "vz": -3.3059644202149645,
      "vnorm_mps": 7.279664834895501,
      "pitch_deg": -27.009414589659176,
      "release_px_m": 0.26503867308106555,
      "release_py_m": -0.00234084579595278,
      "release_pz_m": 2.0319976674222406,
      "release_time_s": 0.1,
      "blend_ik_with_overhand_used": 0.42,
      "workspace_goal_xyz_m": [
        0.2242275,
        0.0,
        1.5068975
      ],
      "workspace_goal_xyz_after_retarget_m": [
        0.2242275,
        0.0,
        1.5068975
      ],
      "p_release_fk_xyz_m": [
        0.5557102913295612,
        -0.01125234761653569,
        1.5609993250989525
      ],
      "knots12": [
        -0.004249122573991133,
        -0.015996696749143086,
        -0.020245819323134226,
        -0.6689917539083852,
        0.13536993611275072,
        0.42630927080124725,
        -1.4392320394642766,
        -1.0754954803737393,
        -0.9439311930431191,
        -0.3313858390806543,
        -0.28250580778912804,
        -0.26482579647091636
      ],
      "opt_fun": null,
      "opt_nfev": null,
      "opt_success": null
    },
    {
      "preset": "SBULL",
      "stage": "S2_plus_vx_refine",
      "stage_idx": 2,
      "target_dy_m": 0.0,
      "target_dz_m": 0.011125,
      "plane_hit": true,
      "dartboard_face_hit": false,
      "score": 0,
      "r_mm": 1291.5388677422998,
      "ey_mm": -29.238232744246965,
      "ez_mm": -1302.3328735180694,